{
  "project_info": {
    "project_number": "670914373591",
    "project_id": "tatatoyo-d7c92",
    "storage_bucket": "tatatoyo-d7c92.appspot.com"
  },
  "client": [
    {
      "client_info": {
        "mobilesdk_app_id": "1:670914373591:android:c98c7945c2cc373d310d92",
        "android_client_info": {
          "package_name": "com.example.tatatoyo"
        }
      },
      "oauth_client": [
        {
          "client_id": "670914373591-2db36c2u35otvg7ip8t2n74rn8vtevq9.apps.googleusercontent.com",
          "client_type": 3
        }
      ],
      "api_key": [
        {
          "current_key": "AIzaSyC4376NnCBTiPm-ER6_OXpbcGqyRjRBTEM"
        }
      ],
      "services": {
        "appinvite_service": {
          "other_platform_oauth_client": [
            {
              "client_id": "670914373591-2db36c2u35otvg7ip8t2n74rn8vtevq9.apps.googleusercontent.com",
              "client_type": 3
            }
          ]
        }
      }
    }
  ],
  "configuration_version": "1"
}