{
  "project_info": {
    "project_number": "34104935723",
    "project_id": "tatatoyobase-a4b31",
    "storage_bucket": "tatatoyobase-a4b31.appspot.com"
  },
  "client": [
    {
      "client_info": {
        "mobilesdk_app_id": "1:34104935723:android:c0f5c16ebc8e195be6f16e",
        "android_client_info": {
          "package_name": "com.example.tatatoyo"
        }
      },
      "oauth_client": [
        {
          "client_id": "34104935723-o6v0a44m93iinf6bbvu57teiueeh2357.apps.googleusercontent.com",
          "client_type": 1,
          "android_info": {
            "package_name": "com.example.tatatoyo",
            "certificate_hash": "e376a5f68e3d5d180ac8039858df6c8e87f1d334"
          }
        },
        {
          "client_id": "34104935723-3h3d98h4nah53231imodo83sp1p9dqd8.apps.googleusercontent.com",
          "client_type": 3
        }
      ],
      "api_key": [
        {
          "current_key": "AIzaSyCZXtT10Ix0Rve-HhzNydbcg-OsLMvd0qs"
        }
      ],
      "services": {
        "appinvite_service": {
          "other_platform_oauth_client": [
            {
              "client_id": "34104935723-3h3d98h4nah53231imodo83sp1p9dqd8.apps.googleusercontent.com",
              "client_type": 3
            }
          ]
        }
      }
    }
  ],
  "configuration_version": "1"
}